Workbook

Sheet Raw_Data
A1: Order ID | B1: Order Date | C1: Salesperson | D1: Region | E1: Category | F1: Sales | G1: Profit | H1: Quantity
A2: ORD001 | B2: 46023 | C2: Rahul | D2: North | E2: Technology | F2: 12500 | G2: 2500 | H2: 5
A3: ORD002 | B3: 46025 | C3: Priya | D3: West | E3: Furniture | F3: 9800 | G3: 1470 | H3: 4
A4: ORD003 | B4: 46027 | C4: Aman | D4: South | E4: Office Supplies | F4: 7200 | G4: 1080 | H4: 6
A5: ORD004 | B5: 46030 | C5: Neha | D5: East | E5: Technology | F5: 15600 | G5: 3120 | H5: 7
A6: ORD005 | B6: 46034 | C6: Rahul | D6: North | E6: Furniture | F6: 11200 | G6: 1680 | H6: 5
A7: ORD006 | B7: 46037 | C7: Priya | D7: West | E7: Technology | F7: 18500 | G7: 3700 | H7: 8
A8: ORD007 | B8: 46040 | C8: Aman | D8: South | E8: Furniture | F8: 8500 | G8: 1275 | H8: 4
A9: ORD008 | B9: 46043 | C9: Neha | D9: East | E9: Office Supplies | F9: 6400 | G9: 960 | H9: 6
A10: ORD009 | B10: 46047 | C10: Rahul | D10: North | E10: Technology | F10: 14300 | G10: 2860 | H10: 6
A11: ORD010 | B11: 46050 | C11: Priya | D11: West | E11: Furniture | F11: 12100 | G11: 1815 | H11: 5
A12: ORD011 | B12: 46055 | C12: Aman | D12: South | E12: Technology | F12: 16800 | G12: 3360 | H12: 7
A13: ORD012 | B13: 46058 | C13: Neha | D13: East | E13: Furniture | F13: 9300 | G13: 1395 | H13: 4
... A41: ORD040 | B41: 46166 | C41: Neha | D41: East | E41: Furniture | F41: 13500 | G41: 2025 | H41: 6

Sheet Performance_Analysis
A1: SALESPERSON PERFORMANCE ANALYSIS
A2: Sales, Profit, Orders and Average Order Value Comparison
A4: Salesperson | B4: Total Sales | C4: Total Profit | D4: Total Orders | E4: Total Quantity | F4: Average Order Value | G4: Performance Rank | H4: Column1
A5: Rahul | B5: =SUMIF(Raw_Data!$C$2:$C$41,A5,Raw_Data!$F$2:$F$41) -> 132500 | C5: =SUMIF(Raw_Data!$C$2:$C$41,A5,Raw_Data!$G$2:$G$41) -> 23065 | D5: =COUNTIF(Raw_Data!$C$2:$C$41,A5) -> 10 | E5: =SUMIF(Raw_Data!$C$2:$C$41,A5,Raw_Data!$H$2:$H$41) -> 66 | F5: =B5/D5 -> 13250 | G5: =_xlfn.RANK.EQ(B5,$B$5:$B$8,0) -> 3
A6: Priya | B6: =SUMIF(Raw_Data!$C$2:$C$41,A6,Raw_Data!$F$2:$F$41) -> 152500 | C6: =SUMIF(Raw_Data!$C$2:$C$41,A6,Raw_Data!$G$2:$G$41) -> 27020 | D6: =COUNTIF(Raw_Data!$C$2:$C$41,A6) -> 10 | E6: =SUMIF(Raw_Data!$C$2:$C$41,A6,Raw_Data!$H$2:$H$41) -> 75 | F6: =B6/D6 -> 15250 | G6: =_xlfn.RANK.EQ(B6,$B$5:$B$8,0) -> 1
A7: Aman | B7: =SUMIF(Raw_Data!$C$2:$C$41,A7,Raw_Data!$F$2:$F$41) -> 126000 | C7: =SUMIF(Raw_Data!$C$2:$C$41,A7,Raw_Data!$G$2:$G$41) -> 22180 | D7: =COUNTIF(Raw_Data!$C$2:$C$41,A7) -> 10 | E7: =SUMIF(Raw_Data!$C$2:$C$41,A7,Raw_Data!$H$2:$H$41) -> 63 | F7: =B7/D7 -> 12600 | G7: =_xlfn.RANK.EQ(B7,$B$5:$B$8,0) -> 4
A8: Neha | B8: =SUMIF(Raw_Data!$C$2:$C$41,A8,Raw_Data!$F$2:$F$41) -> 133300 | C8: =SUMIF(Raw_Data!$C$2:$C$41,A8,Raw_Data!$G$2:$G$41) -> 23545 | D8: =COUNTIF(Raw_Data!$C$2:$C$41,A8) -> 10 | E8: =SUMIF(Raw_Data!$C$2:$C$41,A8,Raw_Data!$H$2:$H$41) -> 65 | F8: =B8/D8 -> 13330 | G8: =_xlfn.RANK.EQ(B8,$B$5:$B$8,0) -> 2

Sheet Dashboard
A1: SALESPERSON PERFORMANCE DASHBOARD
A2: Sales • Profit • Orders • Average Order Value
A4: TOTAL SALES | C4: TOTAL PROFIT | E4: TOTAL ORDERS | G4: AVERAGE ORDER VALUE
A5: =SUM(Raw_Data!$F$2:$F$41) -> 544300 | C5: =SUM(Raw_Data!$G$2:$G$41) -> 95810 | E5: =COUNTA(Raw_Data!$A$2:$A$41) -> 40 | G5: =AVERAGE(Raw_Data!$F$2:$F$41) -> 13607.5
D18: KEY INSIGHTS & RECOMMENDATIONS
C19: • Priya is the top-performing salesperson with the highest sales and profit contribution.
C20: • Neha is the second-highest performer and shows strong overall sales performance.
C21: • Rahul and Aman can be supported through targeted sales training and performance coaching.
C22: • Salesperson performance should be evaluated using both sales and profit, not revenue alone.
C23: • Focus on high-value and profitable orders to improve overall business performance.
